symbol,start,end,orig_window,orig_score,orig_muH,orig_charge,orig_helix,up_edits,up_window,up_score,up_muH,up_charge,up_helix,down_edits,down_window,down_score,down_muH,down_charge,down_helix,delta_up,delta_down
NP_659418,1,19,LRGVLGKTFRLVGYTIQY,5.181708490763163,1.5429872916888996,2.7984805230818273,0.9249999999999999,T8L;T15L;G3R,LRRVLGKLFRLVGYLIQY,8.328834542999816,2.172950412338523,3.798472579862575,0.9972222222222222,R2N;K7N;R10N,LNGVLGNTFNLVGYTIQY,3.5744340984748106,1.4719958616121462,-0.20070989270149964,0.8944444444444444,3.1471260522366533,-1.6072743922883523
NP_060599,98,116,LKGFGKDGFRFFTNFESR,4.040117592430345,1.315420408554192,1.7986886976452854,0.9633333333333334,D7N;E16Q;G5L,LKGFLKNGFRFFTNFQSR,6.565399737648282,1.478400307776359,3.797686825303658,0.9705555555555555,K2N;K6N;R10N,LNGFGNDGFNFFTNFESR,2.887098576766311,1.23439498626208,-1.1997159635791244,0.9122222222222222,2.525282145217937,-1.153019015664034
NP_976043,5,23,LRGRLARFGNPRKPVLKP,5.663354984991644,1.1513633617791823,5.797670938865154,0.8861111111111111,G9L;G3R;A6R,LRRRLRRFLNPRKPVLKP,8.007919229885406,1.680081125913277,7.7976550524266495,0.9088888888888889,R2N;R4N;R7N,LNGNLANFGNPRKPVLKP,4.11003885709176,1.1340321446876773,2.79769476852291,0.8761111111111112,2.3445642448937623,-1.5533161278998842
NP_005509,0,18,MQRLLTPVKRILQLTRAV,6.027610610766971,1.6304608394453846,3.798472579862575,1.0522222222222222,T15L;Q2R;T6R,MRRLLRPVKRILQLLRAV,8.29314042431989,2.132898164376475,5.798456693424071,1.0616666666666665,R3N;K9N;R10N,MQNLLTPVNNILQLTRAV,4.331855425106518,1.5642190705600911,0.7992821640792483,1.0216666666666665,2.265529813552919,-1.6957551856604534
NP_001159579,0,18,MQRLLTPVKRILQLTRAV,6.027610610766971,1.6304608394453846,3.798472579862575,1.0522222222222222,T15L;Q2R;T6R,MRRLLRPVKRILQLLRAV,8.29314042431989,2.132898164376475,5.798456693424071,1.0616666666666665,R3N;K9N;R10N,MQNLLTPVNNILQLTRAV,4.331855425106518,1.5642190705600911,0.7992821640792483,1.0216666666666665,2.265529813552919,-1.6957551856604534
NP_001135940,83,101,LKSNIRSTKSTKKSLQKV,6.98169136287904,1.2325026990028247,5.795313675188402,1.0027777777777778,N4L;T8L;T11L,LKSLIRSLKSLKKSLQKV,9.16159523525484,2.0677975812864773,5.795313675188402,1.0944444444444443,K2N;R6N;K9N,LNSNINSTNSTKKSLQKV,5.2083881124183655,1.1433067755078807,2.796909013963993,0.9516666666666667,2.1799038723757995,-1.7733032504606747
NP_001135942,88,106,LKSNIRSTKSTKKSLQKV,6.98169136287904,1.2325026990028247,5.795313675188402,1.0027777777777778,N4L;T8L;T11L,LKSLIRSLKSLKKSLQKV,9.16159523525484,2.0677975812864773,5.795313675188402,1.0944444444444443,K2N;R6N;K9N,LNSNINSTNSTKKSLQKV,5.2083881124183655,1.1433067755078807,2.796909013963993,0.9516666666666667,2.1799038723757995,-1.7733032504606747
NP_057571,83,101,LKSNIRSTKSTKKSLQKV,6.98169136287904,1.2325026990028247,5.795313675188402,1.0027777777777778,N4L;T8L;T11L,LKSLIRSLKSLKKSLQKV,9.16159523525484,2.0677975812864773,5.795313675188402,1.0944444444444443,K2N;R6N;K9N,LNSNINSTNSTKKSLQKV,5.2083881124183655,1.1433067755078807,2.796909013963993,0.9516666666666667,2.1799038723757995,-1.7733032504606747
NP_775928,28,46,FIRRNVKLRGRLRRITEN,6.8492675395602625,1.2188059674378675,5.798949686375632,0.9583333333333335,E17Q;N5L;T16L,FIRRLVKLRGRLRRILQN,9.018583988505668,1.8481882898057482,6.798448750204819,0.9988888888888889,R3N;R4N;K7N,FINNNVNLRGRLRRITEN,5.13403570932433,1.1447735407223818,2.799759270592306,0.9277777777777777,2.1693164489454055,-1.7152318302359326
NP_478061,3,21,VIRNLQRVIPIRRAPLRS,5.681482123494204,1.3405205489350114,4.79925039120224,0.9305555555555556,N4L;Q6R;A14R,VIRLLRRVIPIRRRPLRS,7.793672915854344,1.7936222653889904,6.799234504763736,0.9099999999999999,R3N;R7N;R12N,VINNLQNVIPINRAPLRS,4.064802879139705,1.2978440852616606,1.7992742208599963,0.9205555555555556,2.11219079236014,-1.6166792443544988
NP_001006114,3,21,VIRNLQRVIPIRRAPLRS,5.681482123494204,1.3405205489350114,4.79925039120224,0.9305555555555556,N4L;Q6R;A14R,VIRLLRRVIPIRRRPLRS,7.793672915854344,1.7936222653889904,6.799234504763736,0.9099999999999999,R3N;R7N;R12N,VINNLQNVIPINRAPLRS,4.064802879139705,1.2978440852616606,1.7992742208599963,0.9205555555555556,2.11219079236014,-1.6166792443544988
NP_056515,1,19,LKNPYTIKKQPLHQFVQR,4.5731208981936735,1.0757663999076257,3.8351875746269957,0.9661111111111109,Y5L;N3R;T6R,LKRPLRIKKQPLHQFVQR,6.684750736206997,1.5035326235117676,5.835171688188491,1.0083333333333333,K2N;K8N;K9N,LNNPYTINNQPLHQFVQR,3.0492064152845293,1.0943910547437334,0.8375686679615031,0.8944444444444444,2.1116298380133234,-1.5239144829091442
NP_001243463,66,84,HPPRYRGIGDCVRQTVRS,4.2025847035437485,1.2198691709670315,2.8380457744745606,0.7894444444444443,D10N;H1L;Y5L,LPPRLRGIGNCVRQTVRS,6.292133626599477,1.8236684504221594,3.7992583344214923,0.8333333333333334,H1N;R4N;R6N,NPPNYNGIGDCVRQTVRS,3.086176485410456,1.1896266738691315,0.79977515703081,0.7677777777777778,2.0895489230557285,-1.1164082181332926
NP_001599,48,66,IRRIFSPEHDIFRKSVRK,5.993670706216835,1.6860764194689268,3.836959315089036,0.9711111111111111,E8Q;D10N;E8L,IRRIFSPLHNIFRKSVRK,8.076724712264163,2.085053951911739,5.835957442747408,0.9461111111111111,R2N;R3N;H9N,INNIFSPENDIFRKSVRK,4.785721658776123,1.6192175906480586,1.7986886976452854,0.9494444444444444,2.0830540060473277,-1.207949047440712
NP_065175,38,56,ISRRNREAKQKRLREKQA,5.118971684249491,0.4989033285468131,5.79787117020936,1.083888888888889,E7Q;E15Q;N5L,ISRRLRQAKQKRLRQKQA,7.183849816478731,0.8848327336846127,7.796869297867732,1.0733333333333333,R3N;R4N;R6N,ISNNNNEAKQKRLREKQA,3.426798437519464,0.4260292639232513,2.797894999867116,1.073888888888889,2.06487813222924,-1.692173246730027
NP_001161206,68,86,ISRRNREAKQKRLREKQA,5.118971684249491,0.4989033285468131,5.79787117020936,1.083888888888889,E7Q;E15Q;N5L,ISRRLRQAKQKRLRQKQA,7.183849816478731,0.8848327336846127,7.796869297867732,1.0733333333333333,R3N;R4N;R6N,ISNNNNEAKQKRLREKQA,3.426798437519464,0.4260292639232513,2.797894999867116,1.073888888888889,2.06487813222924,-1.692173246730027
NP_115689,102,120,RQRQQRREERRQQNLRAR,4.174937128961094,0.1452624981405485,5.800228433886112,1.0227777777777778,E8Q;E9Q;Q4L,RQRLQRRQQRRQQNLRAR,6.225458332820825,0.5338935763749888,7.799226561544484,0.991111111111111,R1N;R3N;R6N,NQNQQNREERRQQNLRAR,2.5588648068667905,0.10282880337127591,2.8002522635438676,1.0127777777777778,2.0505212038597307,-1.6160723220943036
NP_001182448,94,112,IKNFLEFQRKLQHDVLKL,6.292400971421197,1.738611388063643,1.8361894469686226,1.1388888888888888,E6Q;D14N;Q8L,IKNFLQFLRKLQHNVLKL,8.337647066885555,2.1224657562732676,3.8351875746269957,1.113888888888889,K2N;R9N;K10N,INNFLEFQNNLQHDVLKL,5.168468317276194,1.6767206602438105,-1.162215214255787,1.0877777777777777,2.0452460954643588,-1.123932654145003
NP_001001973,30,48,ITRRLKSIKNIQKITKSM,6.951422384995917,1.218237956937792,5.796099429747319,1.0077777777777777,Q12L;T15L;T2R,IRRRLKSIKNILKILKSM,8.974530832965662,1.8114829247695405,6.796091486528067,1.0477777777777775,R3N;R4N;K6N,ITNNLNSIKNIQKITKSM,5.4622682077896085,1.234636591434156,2.796909013963993,0.9772222222222222,2.0231084479697454,-1.4891541772063084
NP_005165,30,48,ITRRLKSIKNIQKITKSM,6.951422384995917,1.218237956937792,5.796099429747319,1.0077777777777777,Q12L;T15L;T2R,IRRRLKSIKNILKILKSM,8.974530832965662,1.8114829247695405,6.796091486528067,1.0477777777777775,R3N;R4N;K6N,ITNNLNSIKNIQKITKSM,5.4622682077896085,1.234636591434156,2.796909013963993,0.9772222222222222,2.0231084479697454,-1.4891541772063084
NP_001185808,53,71,RLARLFARARPMGLFILQ,4.901478634414516,1.169850897992619,3.7992583344214923,1.077222222222222,A9L;A3R;A7R,RLRRLFRRLRPMGLFILQ,6.9108442944196575,1.6053781170601542,5.799242447982988,0.9977777777777777,R1N;R4N;R8N,NLANLFANARPMGLFILQ,3.113397055041709,1.058613500311945,0.7992821640792483,1.067222222222222,2.009365660005142,-1.7880815793728067
NP_002216,72,90,RSNEFKNLREFWKQLGNL,5.06842939225466,1.2907451284839178,1.7986886976452854,1.0533333333333335,E4Q;E10Q;E4L,RSNLFKNLRQFWKQLGNL,7.061905070214536,1.656557996358416,3.797686825303658,1.0216666666666667,R1N;K6N;R9N,NSNEFNNLNEFWKQLGNL,4.160537041517318,1.2995481499402604,-1.2005017181380415,1.0227777777777778,1.993475677959876,-0.9078923507373418
NP_004474,1,19,ALRVVRSVRALLCTLRAV,6.06187620185919,1.2317877027482667,3.7992583344214923,1.0827777777777776,A1L;S7R;A10R,LLRVVRRVRRLLCTLRAV,8.053537102083187,1.6455663512366776,5.799242447982988,1.04,R3N;R6N;R9N,ALNVVNSVNALLCTLRAV,4.274469234025769,1.120820149683347,0.7992821640792483,1.0727777777777776,1.991660900223997,-1.7874069678334203
NP_001138606,35,53,INSWKKRLIRIKNGILRG,7.62500697415923,1.5061813083579998,5.796885184306237,0.9611111111111111,W4L;N2R;S3R,IRRLKKRLIRIKNGILRG,9.609729106497024,1.8942955608030414,7.796869297867732,0.9755555555555557,K5N;K6N;R7N,INSWNNNLIRIKNGILRG,6.0278961140487635,1.48746234100314,2.7984805230818273,0.9099999999999999,1.9847221323377946,-1.5971108601104662
NP_004368,35,53,INSWKKRLIRIKNGILRG,7.62500697415923,1.5061813083579998,5.796885184306237,0.9611111111111111,W4L;N2R;S3R,IRRLKKRLIRIKNGILRG,9.609729106497024,1.8942955608030414,7.796869297867732,0.9755555555555557,K5N;K6N;R7N,INSWNNNLIRIKNGILRG,6.0278961140487635,1.48746234100314,2.7984805230818273,0.9099999999999999,1.9847221323377946,-1.5971108601104662
